{
	"credit": "Made with Blockbench",
	"textures": {
		"0": "hat_textures/base"
	},
	"elements": [
		{
			"from": [2, 0, 0],
			"to": [14, 5, 11],
			"faces": {
				"north": {"uv": [0, 0, 4.5, 4], "texture": "#0"},
				"east": {"uv": [0, 0, 4.5, 4], "texture": "#0"},
				"south": {"uv": [0, 0, 4.5, 4], "texture": "#0"},
				"west": {"uv": [0, 0, 4.5, 4], "texture": "#0"},
				"up": {"uv": [0, 0, 4.5, 4], "texture": "#0"},
				"down": {"uv": [0, 0, 4.5, 4], "texture": "#0"}
			}
		},
		{
			"from": [2, 0, 11],
			"to": [14, 1, 15],
			"faces": {
				"north": {"uv": [0, 12, 4.5, 16], "texture": "#0"},
				"east": {"uv": [0, 12, 4.5, 16], "texture": "#0"},
				"south": {"uv": [0, 12, 4.5, 16], "texture": "#0"},
				"west": {"uv": [0, 12, 4.5, 16], "texture": "#0"},
				"up": {"uv": [0, 12, 4.5, 16], "texture": "#0"},
				"down": {"uv": [0, 12, 4.5, 16], "texture": "#0"}
			}
		},
		{
			"from": [3, 0, 15],
			"to": [13, 1, 16],
			"faces": {
				"north": {"uv": [0, 12, 4.5, 16], "texture": "#0"},
				"east": {"uv": [0, 12, 4.5, 16], "texture": "#0"},
				"south": {"uv": [0, 12, 4.5, 16], "texture": "#0"},
				"west": {"uv": [0, 12, 4.5, 16], "texture": "#0"},
				"up": {"uv": [0, 12, 4.5, 16], "texture": "#0"},
				"down": {"uv": [0, 12, 4.5, 16], "texture": "#0"}
			}
		}
	],
	"display": {
		"thirdperson_righthand": {
			"rotation": [74, -180, 0],
			"translation": [-1, 0, 3]
		},
		"thirdperson_lefthand": {
			"rotation": [74, 180, 0],
			"translation": [-1, 0, 3]
		},
		"firstperson_righthand": {
			"rotation": [0, -140, 0],
			"translation": [12, 0.47, -14]
		},
		"firstperson_lefthand": {
			"rotation": [0, 140, 0],
			"translation": [12.25, 0.75, -14]
		},
		"ground": {
			"translation": [0, 3.75, 0]
		},
		"gui": {
			"rotation": [21, 11, 1],
			"translation": [0.25, 4.5, 0]
		},
		"head": {
			"rotation": [0, 180, 0],
			"translation": [0, 13.5, -3.5],
			"scale": [1.35, 1.35, 1.35]
		},
		"fixed": {
			"rotation": [90, 0, 180],
			"translation": [0, -4.5, -5.75],
			"scale": [2.92, 0.96, 2.5]
		}
	}
}