{
    "parent":"item/handheld",
    "textures": {
		"layer0": "item/carved_pumpkin"
    },
    "overrides": [
		{ "predicate": { "custom_model_data": 0 }, "model": "block/carved_pumpkin" },
		{ "predicate": { "custom_model_data": 1 }, "model": "hats/misc/winter_hat" },
		{ "predicate": { "custom_model_data": 2 }, "model": "hats/misc/gold_crown" },
		{ "predicate": { "custom_model_data": 3 }, "model": "hats/misc/tophat" },
		{ "predicate": { "custom_model_data": 4 }, "model": "hats/misc/fedora" },
		{ "predicate": { "custom_model_data": 666 }, "model": "hats/misc/Horns" },
		{ "predicate": { "custom_model_data": 451 }, "model": "hats/misc/cears" }
    ]
}