{
	"credit": "Made with Blockbench",
	"textures": {
		"7": "hat_textures/misc/catears"
	},
	"elements": [
		{
			"from": [3, 0, 1],
			"to": [6, 3, 1],
			"faces": {
				"north": {"uv": [0, 2.5, 3, 4.5], "texture": "#7"},
				"east": {"uv": [13, 14, 16, 16], "texture": "#7"},
				"south": {"uv": [13, 14, 16, 16], "texture": "#7"},
				"west": {"uv": [13, 14, 16, 16], "texture": "#7"},
				"up": {"uv": [13, 14, 16, 16], "texture": "#7"},
				"down": {"uv": [13, 14, 16, 16], "texture": "#7"}
			}
		},
		{
			"from": [4, 3, 1],
			"to": [5, 4, 1],
			"faces": {
				"north": {"uv": [14, 13, 15, 14], "texture": "#7"},
				"east": {"uv": [14, 13, 15, 14], "texture": "#7"},
				"south": {"uv": [14, 13, 15, 14], "texture": "#7"},
				"west": {"uv": [14, 13, 15, 14], "texture": "#7"},
				"up": {"uv": [14, 13, 15, 14], "texture": "#7"},
				"down": {"uv": [14, 13, 15, 14], "texture": "#7"}
			}
		},
		{
			"from": [10, 0, 1],
			"to": [13, 3, 1],
			"faces": {
				"north": {"uv": [0, 2.5, 3, 4.5], "texture": "#7"},
				"east": {"uv": [13, 14, 16, 16], "texture": "#7"},
				"south": {"uv": [13, 14, 16, 16], "texture": "#7"},
				"west": {"uv": [13, 14, 16, 16], "texture": "#7"},
				"up": {"uv": [13, 14, 16, 16], "texture": "#7"},
				"down": {"uv": [13, 14, 16, 16], "texture": "#7"}
			}
		},
		{
			"from": [11, 3, 1],
			"to": [12, 4, 1],
			"faces": {
				"north": {"uv": [14, 13, 15, 14], "texture": "#7"},
				"east": {"uv": [14, 13, 15, 14], "texture": "#7"},
				"south": {"uv": [14, 13, 15, 14], "texture": "#7"},
				"west": {"uv": [14, 13, 15, 14], "texture": "#7"},
				"up": {"uv": [14, 13, 15, 14], "texture": "#7"},
				"down": {"uv": [14, 13, 15, 14], "texture": "#7"}
			}
		},
		{
			"from": [2, -7, 0],
			"to": [2, 0, 2],
			"faces": {
				"north": {"uv": [0, 0, 3, 7], "texture": "#7"},
				"east": {"uv": [0, 0, 3, 7], "texture": "#7"},
				"south": {"uv": [0, 0, 3, 7], "texture": "#7"},
				"west": {"uv": [0, 0, 3, 7], "texture": "#7"},
				"up": {"uv": [0, 0, 3, 7], "texture": "#7"},
				"down": {"uv": [0, 0, 3, 7], "texture": "#7"}
			}
		},
		{
			"from": [2, 0, 0],
			"to": [14, 0, 2],
			"faces": {
				"north": {"uv": [0, 0, 12, 0], "texture": "#7"},
				"east": {"uv": [0, 0, 12, 0], "texture": "#7"},
				"south": {"uv": [0, 0, 12, 0], "texture": "#7"},
				"west": {"uv": [0, 0, 12, 0], "texture": "#7"},
				"up": {"uv": [0, 0, 12, 1.5], "texture": "#7"},
				"down": {"uv": [0, 0, 12, 0], "texture": "#7"}
			}
		},
		{
			"from": [14, -7, 0],
			"to": [14, 0, 2],
			"faces": {
				"north": {"uv": [0, 0, 0, 7], "texture": "#7"},
				"east": {"uv": [0, 0, 0, 7], "texture": "#7"},
				"south": {"uv": [0, 0, 0, 7], "texture": "#7"},
				"west": {"uv": [0, 0, 0, 7], "texture": "#7"},
				"up": {"uv": [0, 0, 0, 7], "texture": "#7"},
				"down": {"uv": [0, 0, 0, 7], "texture": "#7"}
			}
		}
	],
	"display": {
		"thirdperson_righthand": {
			"rotation": [-105.5, 0, -180],
			"translation": [-1, 8.5, 7]
		},
		"thirdperson_lefthand": {
			"rotation": [74, 180, 0],
			"translation": [-1, 0, 3],
			"scale": [0.48633, 0.66016, 0.48242]
		},
		"firstperson_righthand": {
			"rotation": [0, -140, 0],
			"translation": [12, 0.47, -14],
			"scale": [1.02578, 1, 1]
		},
		"firstperson_lefthand": {
			"rotation": [0, 140, 0],
			"translation": [12.25, 0.75, -14],
			"scale": [1.02578, 1, 1]
		},
		"ground": {
			"translation": [0, 3.75, 0]
		},
		"gui": {
			"rotation": [21, 11, 1],
			"translation": [0.25, 3.75, 0],
			"scale": [0.76, 0.76, 1]
		},
		"head": {
			"rotation": [0, 180, 0],
			"translation": [0, 17.75, -13.25],
			"scale": [1.11172, 1.39297, 1.52773]
		},
		"fixed": {
			"rotation": [90, 0, 180],
			"translation": [0, 0, -12.5],
			"scale": [2.09609, 2.63125, 2.11953]
		}
	},
	"groups": [
		{
			"name": "Ear Set 1",
			"origin": [0, 0, 0],
			"color": 0,
			"children": [0, 1]
		},
		{
			"name": "Ear Set 2",
			"origin": [0, 0, 0],
			"color": 0,
			"children": [2, 3]
		},
		{
			"name": "Headband",
			"origin": [0, 0, 0],
			"color": 0,
			"children": [4, 5, 6]
		}
	]
}