{
	"credit": "Made with Blockbench",
	"textures": {
		"5": "hat_textures/misc/fedora"
	},
	"elements": [
		{
			"from": [3, 0, 2],
			"to": [14, 0, 14],
			"faces": {
				"north": {"uv": [0, 0, 5.5, 5.5], "texture": "#5"},
				"east": {"uv": [0, 0, 5.5, 5.5], "texture": "#5"},
				"south": {"uv": [0, 0, 5.5, 5.5], "texture": "#5"},
				"west": {"uv": [0, 0, 5.5, 5.5], "texture": "#5"},
				"up": {"uv": [0, 0, 5.5, 5.5], "texture": "#5"},
				"down": {"uv": [0, 0, 5.5, 5.5], "texture": "#5"}
			}
		},
		{
			"from": [4, 0, 2],
			"to": [13, 2, 2],
			"faces": {
				"north": {"uv": [2.5, 7.5, 11.5, 9.5], "texture": "#5"},
				"east": {"uv": [2.5, 7.5, 11.5, 9.5], "texture": "#5"},
				"south": {"uv": [2.5, 7.5, 11.5, 9.5], "texture": "#5"},
				"west": {"uv": [2.5, 7.5, 11.5, 9.5], "texture": "#5"},
				"up": {"uv": [2.5, 7.5, 11.5, 9.5], "texture": "#5"},
				"down": {"uv": [2.5, 7.5, 11.5, 9.5], "texture": "#5"}
			}
		},
		{
			"from": [4, 0, 3],
			"to": [13, 5, 13],
			"faces": {
				"north": {"uv": [6.5, 0, 12, 4.5], "texture": "#5"},
				"east": {"uv": [6.5, 0, 12, 4.5], "texture": "#5"},
				"south": {"uv": [6.5, 0, 12, 4.5], "texture": "#5"},
				"west": {"uv": [6.5, 0, 12, 4.5], "texture": "#5"},
				"up": {"uv": [10.5, 4.5, 16, 10], "texture": "#5"},
				"down": {"uv": [6.5, 0, 12, 4.5], "texture": "#5"}
			}
		},
		{
			"from": [3, 0, 2],
			"to": [4, 1, 2],
			"faces": {
				"north": {"uv": [0, 0, 5.5, 5.5], "texture": "#5"},
				"east": {"uv": [0, 0, 5.5, 5.5], "texture": "#5"},
				"south": {"uv": [0, 0, 5.5, 5.5], "texture": "#5"},
				"west": {"uv": [0, 0, 5.5, 5.5], "texture": "#5"},
				"up": {"uv": [0, 0, 5.5, 5.5], "texture": "#5"},
				"down": {"uv": [0, 0, 5.5, 5.5], "texture": "#5"}
			}
		},
		{
			"from": [3, 0, 2],
			"to": [3, 1, 10],
			"faces": {
				"north": {"uv": [0, 0, 5.5, 5.5], "texture": "#5"},
				"east": {"uv": [0, 0, 5.5, 5.5], "texture": "#5"},
				"south": {"uv": [0, 0, 5.5, 5.5], "texture": "#5"},
				"west": {"uv": [0, 0, 5.5, 5.5], "texture": "#5"},
				"up": {"uv": [0, 0, 5.5, 5.5], "texture": "#5"},
				"down": {"uv": [0, 0, 5.5, 5.5], "texture": "#5"}
			}
		},
		{
			"from": [14, 0, 2],
			"to": [14, 1, 10],
			"faces": {
				"north": {"uv": [0, 0, 5.5, 5.5], "texture": "#5"},
				"east": {"uv": [0, 0, 5.5, 5.5], "texture": "#5"},
				"south": {"uv": [0, 0, 5.5, 5.5], "texture": "#5"},
				"west": {"uv": [0, 0, 5.5, 5.5], "texture": "#5"},
				"up": {"uv": [0, 0, 5.5, 5.5], "texture": "#5"},
				"down": {"uv": [0, 0, 5.5, 5.5], "texture": "#5"}
			}
		},
		{
			"from": [13, 0, 2],
			"to": [14, 1, 2],
			"faces": {
				"north": {"uv": [0, 0, 5.5, 5.5], "texture": "#5"},
				"east": {"uv": [0, 0, 5.5, 5.5], "texture": "#5"},
				"south": {"uv": [0, 0, 5.5, 5.5], "texture": "#5"},
				"west": {"uv": [0, 0, 5.5, 5.5], "texture": "#5"},
				"up": {"uv": [0, 0, 5.5, 5.5], "texture": "#5"},
				"down": {"uv": [0, 0, 5.5, 5.5], "texture": "#5"}
			}
		}
	],
	"display": {
		"thirdperson_righthand": {
			"rotation": [74, -180, 0],
			"translation": [-1, 0, 3],
			"scale": [0.48633, 0.66016, 0.48242]
		},
		"thirdperson_lefthand": {
			"rotation": [74, 180, 0],
			"translation": [-1, 0, 3],
			"scale": [0.48633, 0.66016, 0.48242]
		},
		"firstperson_righthand": {
			"rotation": [0, -140, 0],
			"translation": [12, 0.47, -14],
			"scale": [1.02578, 1, 1]
		},
		"firstperson_lefthand": {
			"rotation": [0, 140, 0],
			"translation": [12.25, 0.75, -14],
			"scale": [1.02578, 1, 1]
		},
		"ground": {
			"translation": [0, 3.75, 0]
		},
		"gui": {
			"rotation": [21, 11, 1],
			"translation": [0.25, 3.75, 0],
			"scale": [0.76, 0.76, 1]
		},
		"head": {
			"rotation": [0, 180, 0],
			"translation": [0.75, 15.75, -0.25],
			"scale": [1.82852, 1.81484, 1.52773]
		},
		"fixed": {
			"rotation": [90, 0, 180],
			"translation": [0, 0, -12.5],
			"scale": [2.09609, 2.63125, 2.11953]
		}
	}
}