{
	"credit": "Made with Blockbench",
	"textures": {
		"3": "hat_textures/misc/gold_crown"
	},
	"elements": [
		{
			"from": [0, 0, 0],
			"to": [16, 2, 2],
			"faces": {
				"north": {"uv": [0, 0, 16, 2], "texture": "#3"},
				"east": {"uv": [0, 0, 16, 2], "texture": "#3"},
				"south": {"uv": [0, 0, 16, 2], "texture": "#3"},
				"west": {"uv": [0, 0, 16, 2], "texture": "#3"},
				"up": {"uv": [0, 0, 16, 2], "texture": "#3"},
				"down": {"uv": [0, 0, 16, 2], "texture": "#3"}
			}
		},
		{
			"from": [0, 0, 14],
			"to": [16, 2, 16],
			"faces": {
				"north": {"uv": [0, 0, 16, 2], "texture": "#3"},
				"east": {"uv": [0, 0, 16, 2], "texture": "#3"},
				"south": {"uv": [0, 0, 16, 2], "texture": "#3"},
				"west": {"uv": [0, 0, 16, 2], "texture": "#3"},
				"up": {"uv": [0, 0, 16, 2], "texture": "#3"},
				"down": {"uv": [0, 0, 16, 2], "texture": "#3"}
			}
		},
		{
			"from": [0, 0, 0],
			"to": [2, 2, 16],
			"faces": {
				"north": {"uv": [0, 0, 2, 2], "texture": "#3"},
				"east": {"uv": [0, 0, 2, 2], "texture": "#3"},
				"south": {"uv": [0, 0, 2, 2], "texture": "#3"},
				"west": {"uv": [0, 0, 2, 2], "texture": "#3"},
				"up": {"uv": [0, 0, 2, 2], "texture": "#3"},
				"down": {"uv": [0, 0, 2, 2], "texture": "#3"}
			}
		},
		{
			"from": [14, 0, 0],
			"to": [16, 2, 16],
			"faces": {
				"north": {"uv": [0, 0, 2, 2], "texture": "#3"},
				"east": {"uv": [0, 0, 2, 2], "texture": "#3"},
				"south": {"uv": [0, 0, 2, 2], "texture": "#3"},
				"west": {"uv": [0, 0, 2, 2], "texture": "#3"},
				"up": {"uv": [0, 0, 2, 2], "texture": "#3"},
				"down": {"uv": [0, 0, 2, 2], "texture": "#3"}
			}
		},
		{
			"from": [0, 2, 0],
			"to": [2, 6, 2],
			"faces": {
				"north": {"uv": [0, 12, 2, 16], "texture": "#3"},
				"east": {"uv": [0, 12, 2, 16], "texture": "#3"},
				"south": {"uv": [0, 12, 2, 16], "texture": "#3"},
				"west": {"uv": [0, 12, 2, 16], "texture": "#3"},
				"up": {"uv": [0, 12, 2, 14], "texture": "#3"},
				"down": {"uv": [0, 12, 2, 16], "texture": "#3"}
			}
		},
		{
			"from": [14, 2, 0],
			"to": [16, 6, 2],
			"faces": {
				"north": {"uv": [0, 12, 2, 16], "texture": "#3"},
				"east": {"uv": [0, 12, 2, 16], "texture": "#3"},
				"south": {"uv": [0, 12, 2, 16], "texture": "#3"},
				"west": {"uv": [0, 12, 2, 16], "texture": "#3"},
				"up": {"uv": [0, 12, 2, 14], "texture": "#3"},
				"down": {"uv": [0, 12, 2, 16], "texture": "#3"}
			}
		},
		{
			"from": [14, 2, 14],
			"to": [16, 6, 16],
			"faces": {
				"north": {"uv": [0, 12, 2, 16], "texture": "#3"},
				"east": {"uv": [0, 12, 2, 16], "texture": "#3"},
				"south": {"uv": [0, 12, 2, 16], "texture": "#3"},
				"west": {"uv": [0, 12, 2, 16], "texture": "#3"},
				"up": {"uv": [0, 12, 2, 14], "texture": "#3"},
				"down": {"uv": [0, 12, 2, 16], "texture": "#3"}
			}
		},
		{
			"from": [0, 2, 14],
			"to": [2, 6, 16],
			"faces": {
				"north": {"uv": [0, 12, 2, 16], "texture": "#3"},
				"east": {"uv": [0, 12, 2, 16], "texture": "#3"},
				"south": {"uv": [0, 12, 2, 16], "texture": "#3"},
				"west": {"uv": [0, 12, 2, 16], "texture": "#3"},
				"up": {"uv": [0, 12, 2, 14], "texture": "#3"},
				"down": {"uv": [0, 12, 2, 16], "texture": "#3"}
			}
		},
		{
			"from": [0, 2, 11],
			"to": [2, 6, 13],
			"faces": {
				"north": {"uv": [2, 12, 4, 16], "texture": "#3"},
				"east": {"uv": [2, 12, 4, 16], "texture": "#3"},
				"south": {"uv": [2, 12, 4, 16], "texture": "#3"},
				"west": {"uv": [2, 12, 4, 16], "texture": "#3"},
				"up": {"uv": [2, 12, 4, 14], "texture": "#3"},
				"down": {"uv": [2, 12, 4, 16], "texture": "#3"}
			}
		},
		{
			"from": [0, 2, 3],
			"to": [2, 6, 5],
			"faces": {
				"north": {"uv": [2, 12, 4, 16], "texture": "#3"},
				"east": {"uv": [2, 12, 4, 16], "texture": "#3"},
				"south": {"uv": [2, 12, 4, 16], "texture": "#3"},
				"west": {"uv": [2, 12, 4, 16], "texture": "#3"},
				"up": {"uv": [2, 12, 4, 14], "texture": "#3"},
				"down": {"uv": [2, 12, 4, 16], "texture": "#3"}
			}
		},
		{
			"from": [3, 2, 0],
			"to": [5, 6, 2],
			"faces": {
				"north": {"uv": [2, 12, 4, 16], "texture": "#3"},
				"east": {"uv": [2, 12, 4, 16], "texture": "#3"},
				"south": {"uv": [2, 12, 4, 16], "texture": "#3"},
				"west": {"uv": [2, 12, 4, 16], "texture": "#3"},
				"up": {"uv": [2, 12, 4, 14], "texture": "#3"},
				"down": {"uv": [2, 12, 4, 16], "texture": "#3"}
			}
		},
		{
			"from": [3, 2, 14],
			"to": [5, 6, 16],
			"faces": {
				"north": {"uv": [2, 12, 4, 16], "texture": "#3"},
				"east": {"uv": [2, 12, 4, 16], "texture": "#3"},
				"south": {"uv": [2, 12, 4, 16], "texture": "#3"},
				"west": {"uv": [2, 12, 4, 16], "texture": "#3"},
				"up": {"uv": [2, 12, 4, 14], "texture": "#3"},
				"down": {"uv": [2, 12, 4, 16], "texture": "#3"}
			}
		},
		{
			"from": [11, 2, 14],
			"to": [13, 6, 16],
			"faces": {
				"north": {"uv": [2, 12, 4, 16], "texture": "#3"},
				"east": {"uv": [2, 12, 4, 16], "texture": "#3"},
				"south": {"uv": [2, 12, 4, 16], "texture": "#3"},
				"west": {"uv": [2, 12, 4, 16], "texture": "#3"},
				"up": {"uv": [2, 12, 4, 14], "texture": "#3"},
				"down": {"uv": [2, 12, 4, 16], "texture": "#3"}
			}
		},
		{
			"from": [11, 2, 0],
			"to": [13, 6, 2],
			"faces": {
				"north": {"uv": [2, 12, 4, 16], "texture": "#3"},
				"east": {"uv": [2, 12, 4, 16], "texture": "#3"},
				"south": {"uv": [2, 12, 4, 16], "texture": "#3"},
				"west": {"uv": [2, 12, 4, 16], "texture": "#3"},
				"up": {"uv": [2, 12, 4, 14], "texture": "#3"},
				"down": {"uv": [2, 12, 4, 16], "texture": "#3"}
			}
		},
		{
			"from": [14, 2, 3],
			"to": [16, 6, 5],
			"faces": {
				"north": {"uv": [2, 12, 4, 16], "texture": "#3"},
				"east": {"uv": [2, 12, 4, 16], "texture": "#3"},
				"south": {"uv": [2, 12, 4, 16], "texture": "#3"},
				"west": {"uv": [2, 12, 4, 16], "texture": "#3"},
				"up": {"uv": [2, 12, 4, 14], "texture": "#3"},
				"down": {"uv": [2, 12, 4, 16], "texture": "#3"}
			}
		},
		{
			"from": [14, 2, 11],
			"to": [16, 6, 13],
			"faces": {
				"north": {"uv": [2, 12, 4, 16], "texture": "#3"},
				"east": {"uv": [2, 12, 4, 16], "texture": "#3"},
				"south": {"uv": [2, 12, 4, 16], "texture": "#3"},
				"west": {"uv": [2, 12, 4, 16], "texture": "#3"},
				"up": {"uv": [2, 12, 4, 14], "texture": "#3"},
				"down": {"uv": [2, 12, 4, 16], "texture": "#3"}
			}
		},
		{
			"from": [14, 2, 7],
			"to": [16, 6, 9],
			"faces": {
				"north": {"uv": [4, 12, 6, 16], "texture": "#3"},
				"east": {"uv": [4, 12, 6, 16], "texture": "#3"},
				"south": {"uv": [4, 12, 6, 16], "texture": "#3"},
				"west": {"uv": [4, 12, 6, 16], "texture": "#3"},
				"up": {"uv": [4, 12, 6, 14], "texture": "#3"},
				"down": {"uv": [4, 12, 6, 16], "texture": "#3"}
			}
		},
		{
			"from": [0, 2, 7],
			"to": [2, 6, 9],
			"faces": {
				"north": {"uv": [4, 12, 6, 16], "texture": "#3"},
				"east": {"uv": [4, 12, 6, 16], "texture": "#3"},
				"south": {"uv": [4, 12, 6, 16], "texture": "#3"},
				"west": {"uv": [4, 12, 6, 16], "texture": "#3"},
				"up": {"uv": [4, 12, 6, 14], "texture": "#3"},
				"down": {"uv": [4, 12, 6, 16], "texture": "#3"}
			}
		},
		{
			"from": [7, 2, 14],
			"to": [9, 6, 16],
			"faces": {
				"north": {"uv": [4, 12, 6, 16], "texture": "#3"},
				"east": {"uv": [4, 12, 6, 16], "texture": "#3"},
				"south": {"uv": [4, 12, 6, 16], "texture": "#3"},
				"west": {"uv": [4, 12, 6, 16], "texture": "#3"},
				"up": {"uv": [4, 12, 6, 14], "texture": "#3"},
				"down": {"uv": [4, 12, 6, 16], "texture": "#3"}
			}
		},
		{
			"from": [7, 2, 0],
			"to": [9, 6, 2],
			"faces": {
				"north": {"uv": [4, 12, 6, 16], "texture": "#3"},
				"east": {"uv": [4, 12, 6, 16], "texture": "#3"},
				"south": {"uv": [4, 12, 6, 16], "texture": "#3"},
				"west": {"uv": [4, 12, 6, 16], "texture": "#3"},
				"up": {"uv": [4, 12, 6, 14], "texture": "#3"},
				"down": {"uv": [4, 12, 6, 16], "texture": "#3"}
			}
		}
	],
	"display": {
		"thirdperson_righthand": {
			"rotation": [74, -180, 0],
			"translation": [-1, 0, 3],
			"scale": [0.48633, 0.66016, 0.48242]
		},
		"thirdperson_lefthand": {
			"rotation": [74, 180, 0],
			"translation": [-1, 0, 3],
			"scale": [0.48633, 0.66016, 0.48242]
		},
		"firstperson_righthand": {
			"rotation": [0, -140, 0],
			"translation": [12, 0.47, -14],
			"scale": [1.02578, 1, 1]
		},
		"firstperson_lefthand": {
			"rotation": [0, 140, 0],
			"translation": [12.25, 0.75, -14],
			"scale": [1.02578, 1, 1]
		},
		"ground": {
			"translation": [0, 3.75, 0]
		},
		"gui": {
			"rotation": [21, 11, 1],
			"translation": [0.25, 3.75, 0],
			"scale": [0.76, 0.76, 1]
		},
		"head": {
			"rotation": [0, 180, 0],
			"translation": [0, 11.5, -0.25],
			"scale": [0.9125, 0.94375, 1.01406]
		},
		"fixed": {
			"rotation": [90, 0, 180],
			"translation": [0, 0, -12.5],
			"scale": [2.09609, 2.63125, 2.11953]
		}
	}
}