{
	"credit": "Made with Blockbench",
	"textures": {
		"6": "hat_textures/misc/horns"
	},
	"elements": [
		{
			"from": [8, 4, 0],
			"to": [11, 7, 3],
			"rotation": {"angle": -22.5, "axis": "z", "origin": [0, 0, 0]},
			"faces": {
				"north": {"uv": [0, 0, 3, 3], "texture": "#6"},
				"east": {"uv": [0, 0, 3, 3], "texture": "#6"},
				"south": {"uv": [0, 0, 3, 3], "texture": "#6"},
				"west": {"uv": [0, 0, 3, 3], "texture": "#6"},
				"up": {"uv": [0, 0, 3, 3], "texture": "#6"},
				"down": {"uv": [0, 0, 3, 3], "texture": "#6"}
			}
		},
		{
			"from": [9.75, 1.75, 1],
			"to": [10.75, 3.65, 2],
			"faces": {
				"north": {"uv": [0, 0, 3, 0.5], "texture": "#6"},
				"east": {"uv": [0, 0, 3, 0.5], "texture": "#6"},
				"south": {"uv": [0, 0, 3, 0.5], "texture": "#6"},
				"west": {"uv": [0, 0, 3, 0.5], "texture": "#6"},
				"up": {"uv": [0, 0, 3, 0.5], "texture": "#6"},
				"down": {"uv": [0, 0, 3, 0.5], "texture": "#6"}
			}
		},
		{
			"from": [11.75, 1.75, 1],
			"to": [12.75, 3.65, 2],
			"faces": {
				"north": {"uv": [0, 0, 3, 0.5], "texture": "#6"},
				"east": {"uv": [0, 0, 3, 0.5], "texture": "#6"},
				"south": {"uv": [0, 0, 3, 0.5], "texture": "#6"},
				"west": {"uv": [0, 0, 3, 0.5], "texture": "#6"},
				"up": {"uv": [0, 0, 3, 0.5], "texture": "#6"},
				"down": {"uv": [0, 0, 3, 0.5], "texture": "#6"}
			}
		},
		{
			"from": [10.75, 1.75, 0],
			"to": [11.75, 3.75, 1],
			"faces": {
				"north": {"uv": [0, 0, 3, 0.5], "texture": "#6"},
				"east": {"uv": [0, 0, 3, 0.5], "texture": "#6"},
				"south": {"uv": [0, 0, 3, 0.5], "texture": "#6"},
				"west": {"uv": [0, 0, 3, 0.5], "texture": "#6"},
				"up": {"uv": [0, 0, 3, 0.5], "texture": "#6"},
				"down": {"uv": [0, 0, 3, 0.5], "texture": "#6"}
			}
		},
		{
			"from": [10.75, 1.75, 2],
			"to": [11.75, 3.65, 3],
			"faces": {
				"north": {"uv": [0, 0, 3, 0.5], "texture": "#6"},
				"east": {"uv": [0, 0, 3, 0.5], "texture": "#6"},
				"south": {"uv": [0, 0, 3, 0.5], "texture": "#6"},
				"west": {"uv": [0, 0, 3, 0.5], "texture": "#6"},
				"up": {"uv": [0, 0, 3, 0.5], "texture": "#6"},
				"down": {"uv": [0, 0, 3, 0.5], "texture": "#6"}
			}
		},
		{
			"from": [10.75, 1.75, 1],
			"to": [11.75, 8.75, 2],
			"faces": {
				"north": {"uv": [6.5, 0, 10, 3.5], "texture": "#6"},
				"east": {"uv": [6.5, 0, 10, 3.5], "texture": "#6"},
				"south": {"uv": [6.5, 0, 10, 3.5], "texture": "#6"},
				"west": {"uv": [6.5, 0, 10, 3.5], "texture": "#6"},
				"up": {"uv": [7, 0, 8, 1], "texture": "#6"},
				"down": {"uv": [6.5, 0, 10, 3.5], "texture": "#6"}
			}
		},
		{
			"from": [3, -2, 0],
			"to": [6, 1, 3],
			"rotation": {"angle": 22.5, "axis": "z", "origin": [0, 0, 0]},
			"faces": {
				"north": {"uv": [0, 0, 3, 3], "texture": "#6"},
				"east": {"uv": [0, 0, 3, 3], "texture": "#6"},
				"south": {"uv": [0, 0, 3, 3], "texture": "#6"},
				"west": {"uv": [0, 0, 3, 3], "texture": "#6"},
				"up": {"uv": [0, 0, 3, 3], "texture": "#6"},
				"down": {"uv": [0, 0, 3, 3], "texture": "#6"}
			}
		},
		{
			"from": [2.25, 2, 1],
			"to": [3.25, 4, 2],
			"faces": {
				"north": {"uv": [0, 0, 3, 0.5], "texture": "#6"},
				"east": {"uv": [0, 0, 3, 0.5], "texture": "#6"},
				"south": {"uv": [0, 0, 3, 0.5], "texture": "#6"},
				"west": {"uv": [0, 0, 3, 0.5], "texture": "#6"},
				"up": {"uv": [0, 0, 3, 0.5], "texture": "#6"},
				"down": {"uv": [0, 0, 3, 0.5], "texture": "#6"}
			}
		},
		{
			"from": [4.25, 2, 1],
			"to": [5.25, 4, 2],
			"faces": {
				"north": {"uv": [0, 0, 3, 0.5], "texture": "#6"},
				"east": {"uv": [0, 0, 3, 0.5], "texture": "#6"},
				"south": {"uv": [0, 0, 3, 0.5], "texture": "#6"},
				"west": {"uv": [0, 0, 3, 0.5], "texture": "#6"},
				"up": {"uv": [0, 0, 3, 0.5], "texture": "#6"},
				"down": {"uv": [0, 0, 3, 0.5], "texture": "#6"}
			}
		},
		{
			"from": [3.25, 2, 0],
			"to": [4.25, 4, 1],
			"faces": {
				"north": {"uv": [0, 0, 3, 0.5], "texture": "#6"},
				"east": {"uv": [0, 0, 3, 0.5], "texture": "#6"},
				"south": {"uv": [0, 0, 3, 0.5], "texture": "#6"},
				"west": {"uv": [0, 0, 3, 0.5], "texture": "#6"},
				"up": {"uv": [0, 0, 3, 0.5], "texture": "#6"},
				"down": {"uv": [0, 0, 3, 0.5], "texture": "#6"}
			}
		},
		{
			"from": [3.25, 2, 2],
			"to": [4.25, 4, 3],
			"faces": {
				"north": {"uv": [0, 0, 3, 0.5], "texture": "#6"},
				"east": {"uv": [0, 0, 3, 0.5], "texture": "#6"},
				"south": {"uv": [0, 0, 3, 0.5], "texture": "#6"},
				"west": {"uv": [0, 0, 3, 0.5], "texture": "#6"},
				"up": {"uv": [0, 0, 3, 0.5], "texture": "#6"},
				"down": {"uv": [0, 0, 3, 0.5], "texture": "#6"}
			}
		},
		{
			"from": [3.25, 2, 1],
			"to": [4.25, 9, 2],
			"faces": {
				"north": {"uv": [6.5, 0, 10, 3.5], "texture": "#6"},
				"east": {"uv": [6.5, 0, 10, 3.5], "texture": "#6"},
				"south": {"uv": [6.5, 0, 10, 3.5], "texture": "#6"},
				"west": {"uv": [6.5, 0, 10, 3.5], "texture": "#6"},
				"up": {"uv": [7, 0, 8, 1], "texture": "#6"},
				"down": {"uv": [6.5, 0, 10, 3.5], "texture": "#6"}
			}
		}
	],
	"display": {
		"thirdperson_righthand": {
			"rotation": [177, 0, -180],
			"translation": [-1, 6.5, -6.25]
		},
		"thirdperson_lefthand": {
			"rotation": [74, 180, 0],
			"translation": [-1, 0, 3],
			"scale": [0.48633, 0.66016, 0.48242]
		},
		"firstperson_righthand": {
			"rotation": [0, -140, 0],
			"translation": [12, 0.47, -14],
			"scale": [1.02578, 1, 1]
		},
		"firstperson_lefthand": {
			"rotation": [0, 140, 0],
			"translation": [12.25, 0.75, -14],
			"scale": [1.02578, 1, 1]
		},
		"ground": {
			"translation": [0, 3.75, 0]
		},
		"gui": {
			"rotation": [21, 11, 1],
			"translation": [0.25, 3.75, 0],
			"scale": [0.76, 0.76, 1]
		},
		"head": {
			"rotation": [0, 180, 0],
			"translation": [-0.75, 15.75, -13.25],
			"scale": [1.53359, 1.81484, 1.52773]
		},
		"fixed": {
			"rotation": [90, 0, 180],
			"translation": [0, 0, -12.5],
			"scale": [2.09609, 2.63125, 2.11953]
		}
	},
	"groups": [
		{
			"name": "Horn 1",
			"origin": [0, 0, 0],
			"color": 0,
			"children": [0, 1, 2, 3, 4, 5]
		},
		{
			"name": "Horn 2",
			"origin": [0, 0, 0],
			"color": 0,
			"children": [6, 7, 8, 9, 10, 11]
		}
	]
}