{
	"credit": "Made with Blockbench",
	"textures": {
		"4": "hat_textures/misc/tophat"
	},
	"elements": [
		{
			"from": [1, 0, 0],
			"to": [15, 1, 16],
			"faces": {
				"north": {"uv": [0, 0, 4.5, 4.5], "texture": "#4"},
				"east": {"uv": [0, 0, 4.5, 4.5], "texture": "#4"},
				"south": {"uv": [0, 0, 4.5, 4.5], "texture": "#4"},
				"west": {"uv": [0, 0, 4.5, 4.5], "texture": "#4"},
				"up": {"uv": [0, 0, 4.5, 4.5], "texture": "#4"},
				"down": {"uv": [0, 0, 4.5, 4.5], "texture": "#4"}
			}
		},
		{
			"from": [0, 0, 1],
			"to": [16, 1, 15],
			"faces": {
				"north": {"uv": [0, 0, 4.5, 4.5], "rotation": 90, "texture": "#4"},
				"east": {"uv": [0, 0, 4.5, 4.5], "rotation": 90, "texture": "#4"},
				"south": {"uv": [0, 0, 4.5, 4.5], "rotation": 90, "texture": "#4"},
				"west": {"uv": [0, 0, 4.5, 4.5], "rotation": 90, "texture": "#4"},
				"up": {"uv": [0, 0, 4.5, 4.5], "rotation": 90, "texture": "#4"},
				"down": {"uv": [0, 0, 4.5, 4.5], "rotation": 90, "texture": "#4"}
			}
		},
		{
			"from": [2, 0, 2],
			"to": [14, 20, 14],
			"faces": {
				"north": {"uv": [4.5, 0, 9, 4.5], "texture": "#4"},
				"east": {"uv": [4.5, 0, 9, 4.5], "texture": "#4"},
				"south": {"uv": [4.5, 0, 9, 4.5], "texture": "#4"},
				"west": {"uv": [4.5, 0, 9, 4.5], "texture": "#4"},
				"up": {"uv": [0, 0, 4.5, 4.5], "texture": "#4"},
				"down": {"uv": [4.5, 0, 9, 4.5], "texture": "#4"}
			}
		}
	],
	"display": {
		"thirdperson_righthand": {
			"rotation": [74, -180, 0],
			"translation": [-1, 0, 3],
			"scale": [0.48633, 0.66016, 0.48242]
		},
		"thirdperson_lefthand": {
			"rotation": [74, 180, 0],
			"translation": [-1, 0, 3],
			"scale": [0.48633, 0.66016, 0.48242]
		},
		"firstperson_righthand": {
			"rotation": [0, -140, 0],
			"translation": [12, 0.47, -14],
			"scale": [1.02578, 1, 1]
		},
		"firstperson_lefthand": {
			"rotation": [0, 140, 0],
			"translation": [12.25, 0.75, -14],
			"scale": [1.02578, 1, 1]
		},
		"ground": {
			"translation": [0, 3.75, 0]
		},
		"gui": {
			"rotation": [21, 11, 1],
			"translation": [0.25, 3.75, 0],
			"scale": [0.76, 0.76, 1]
		},
		"head": {
			"rotation": [0, 180, 0],
			"translation": [0, 17.75, -0.25],
			"scale": [1.14492, 1.68789, 1.29531]
		},
		"fixed": {
			"rotation": [90, 0, 180],
			"translation": [0, 0, -12.5],
			"scale": [2.09609, 2.63125, 2.11953]
		}
	}
}