{
	"credit": "Made with Blockbench",
	"textures": {
		"2": "hat_textures/misc/Gray_wool"
	},
	"elements": [
		{
			"from": [0, 0, 0],
			"to": [16, 7, 16],
			"faces": {
				"north": {"uv": [0, 0, 4.5, 4.5], "texture": "#2"},
				"east": {"uv": [0, 0, 4.5, 4.5], "texture": "#2"},
				"south": {"uv": [0, 0, 4.5, 4.5], "texture": "#2"},
				"west": {"uv": [0, 0, 4.5, 4.5], "texture": "#2"},
				"up": {"uv": [0, 0, 4.5, 4.5], "texture": "#2"},
				"down": {"uv": [0, 0, 4.5, 4.5], "texture": "#2"}
			}
		},
		{
			"from": [1, 7, 0],
			"to": [15, 9, 16],
			"faces": {
				"north": {"uv": [0, 0, 4.5, 4.5], "texture": "#2"},
				"east": {"uv": [0, 0, 4.5, 4.5], "texture": "#2"},
				"south": {"uv": [0, 0, 4.5, 4.5], "texture": "#2"},
				"west": {"uv": [0, 0, 4.5, 4.5], "texture": "#2"},
				"up": {"uv": [0, 0, 4.5, 4.5], "texture": "#2"},
				"down": {"uv": [0, 0, 4.5, 4.5], "texture": "#2"}
			}
		},
		{
			"from": [0, 7, 1],
			"to": [16, 9, 15],
			"faces": {
				"north": {"uv": [0, 0, 4.5, 4.5], "texture": "#2"},
				"east": {"uv": [0, 0, 4.5, 4.5], "texture": "#2"},
				"south": {"uv": [0, 0, 4.5, 4.5], "texture": "#2"},
				"west": {"uv": [0, 0, 4.5, 4.5], "texture": "#2"},
				"up": {"uv": [0, 0, 4.5, 4.5], "texture": "#2"},
				"down": {"uv": [0, 0, 4.5, 4.5], "texture": "#2"}
			}
		},
		{
			"from": [15, -4, 1],
			"to": [17, 6, 15],
			"faces": {
				"north": {"uv": [0, 0, 4.5, 4.5], "texture": "#2"},
				"east": {"uv": [0, 0, 4.5, 4.5], "texture": "#2"},
				"south": {"uv": [0, 0, 4.5, 4.5], "texture": "#2"},
				"west": {"uv": [0, 0, 4.5, 4.5], "texture": "#2"},
				"up": {"uv": [0, 0, 4.5, 4.5], "texture": "#2"},
				"down": {"uv": [0, 0, 4.5, 4.5], "texture": "#2"}
			}
		},
		{
			"from": [-1, -4, 1],
			"to": [1, 6, 15],
			"faces": {
				"north": {"uv": [0, 6, 4.5, 10.5], "texture": "#2"},
				"east": {"uv": [0, 6, 4.5, 10.5], "texture": "#2"},
				"south": {"uv": [0, 6, 4.5, 10.5], "texture": "#2"},
				"west": {"uv": [0, 6, 4.5, 10.5], "texture": "#2"},
				"up": {"uv": [0, 6, 4.5, 10.5], "texture": "#2"},
				"down": {"uv": [0, 6, 4.5, 10.5], "texture": "#2"}
			}
		},
		{
			"from": [2, 7, 1],
			"to": [15, 10, 15],
			"faces": {
				"north": {"uv": [0, 0, 4.5, 4.5], "texture": "#2"},
				"east": {"uv": [0, 0, 4.5, 4.5], "texture": "#2"},
				"south": {"uv": [0, 0, 4.5, 4.5], "texture": "#2"},
				"west": {"uv": [0, 0, 4.5, 4.5], "texture": "#2"},
				"up": {"uv": [0, 0, 4.5, 4.5], "texture": "#2"},
				"down": {"uv": [0, 0, 4.5, 4.5], "texture": "#2"}
			}
		}
	],
	"display": {
		"thirdperson_righthand": {
			"rotation": [74, -180, 0],
			"translation": [-1, 0, 3],
			"scale": [0.48633, 0.66016, 0.48242]
		},
		"thirdperson_lefthand": {
			"rotation": [74, 180, 0],
			"translation": [-1, 0, 3],
			"scale": [0.48633, 0.66016, 0.48242]
		},
		"firstperson_righthand": {
			"rotation": [0, -140, 0],
			"translation": [12, 0.47, -14],
			"scale": [1.02578, 1, 1]
		},
		"firstperson_lefthand": {
			"rotation": [0, 140, 0],
			"translation": [12.25, 0.75, -14],
			"scale": [1.02578, 1, 1]
		},
		"ground": {
			"translation": [0, 3.75, 0]
		},
		"gui": {
			"rotation": [21, 11, 1],
			"translation": [0.25, 3.75, 0],
			"scale": [0.76, 0.76, 1]
		},
		"head": {
			"rotation": [0, 180, 0],
			"translation": [0, 8.25, -0.25],
			"scale": [0.9125, 0.94375, 1.01406]
		},
		"fixed": {
			"rotation": [90, 0, 180],
			"translation": [0, 0, -12.5],
			"scale": [2.09609, 2.63125, 2.11953]
		}
	}
}